"bpid","mlbid","Name","Age","Team","WARP","DRC+","+/-","G","PA","AB","R","HR","RBI","SB","AVG","OBP","SLG","OPS","ISO","K%","BB%","K/BB","Whiff%"
"107182","665742","Juan Soto",22,"WSH","7.2","165","11",151,654,502,111,29,95,9,".313",".465",".534",".999",".221","14.2","22.2","0.6","20.0"
"107184","665489","Vladimir Guerrero Jr.",22,"TOR","6.3","160","12",161,698,604,123,48,111,4,".311",".401",".601","1.002",".290","15.8","12.3","1.3","27.8"
"70327","543760","Marcus Semien",30,"TOR","5.6","126","12",162,724,652,115,45,102,15,".265",".334",".538",".873",".273","20.2","9.1","2.2","21.5"
"66018","547180","Bryce Harper",28,"PHI","5.5","142","13",141,599,488,101,35,84,13,".309",".429",".615","1.044",".305","22.4","16.7","1.3","32.1"
"70217","608070","José Ramírez",28,"CLE","5.3","136","12",152,636,552,111,36,103,27,".266",".355",".538",".893",".272","13.7","11.3","1.2","15.0"
"100668","621566","Matt Olson",27,"OAK","5.2","137","13",156,673,565,101,39,111,4,".271",".371",".540",".911",".269","16.8","13.1","1.3","23.0"
"68603","592450","Aaron Judge",29,"NYY","5.1","135","12",148,633,550,89,39,98,6,".287",".373",".544",".916",".256","25.0","11.8","2.1","29.2"
"55877","514888","Jose Altuve",31,"HOU","5.1","124","11",146,678,601,117,31,83,5,".278",".350",".489",".839",".211","13.4","9.7","1.4","16.1"
"111306","660271","Shohei Ohtani",26,"LAA","5.0","132","15",155,639,537,103,46,100,26,".257",".372",".592",".965",".335","29.6","15.0","2.0","35.2"
"108651","665487","Fernando Tatis Jr.",22,"SD","5.0","142","15",130,546,478,99,42,97,25,".282",".364",".611",".975",".328","28.0","11.4","2.5","34.8"
"67049","592518","Manny Machado",28,"SD","4.9","124","12",153,640,564,92,28,106,12,".278",".347",".489",".836",".211","15.9","9.8","1.6","23.1"
"56289","518692","Freddie Freeman",31,"ATL","4.8","133","10",159,695,600,120,31,83,8,".300",".393",".503",".896",".203","15.4","12.2","1.3","21.0"
"109040","668804","Bryan Reynolds",26,"PIT","4.7","126","11",159,646,559,93,24,90,5,".302",".390",".522",".912",".220","18.4","11.6","1.6","23.7"
"67248","593428","Xander Bogaerts",28,"BOS","4.6","126","12",144,603,529,90,23,79,5,".295",".370",".493",".863",".198","18.7","10.3","1.8","22.0"
"70917","607208","Trea Turner",28,,"4.6","124","9",148,646,595,107,28,77,32,".328",".375",".536",".911",".208","17.0","6.3","2.7","23.0"
"59660","571771","Enrique Hernández",29,"BOS","4.5","110","11",134,585,508,84,20,60,1,".250",".337",".449",".786",".199","18.8","10.4","1.8","23.6"
"67568","593871","Jorge Polanco",27,"MIN","4.4","120","12",152,644,588,97,33,98,11,".269",".323",".503",".826",".235","18.3","7.0","2.6","19.8"
"59586","571448","Nolan Arenado",30,"STL","4.4","119","11",157,653,593,81,34,105,2,".255",".312",".494",".806",".239","14.7","7.7","1.9","18.5"
"100502","621043","Carlos Correa",26,"HOU","4.4","125","11",148,640,555,104,26,92,"0",".279",".366",".485",".850",".205","18.1","11.7","1.6","20.9"
"105439","656775","Cedric Mullins",26,"BAL","4.3","117","11",159,675,602,91,30,59,30,".291",".360",".518",".878",".228","18.5","8.7","2.1","21.0"
"104042","646240","Rafael Devers",24,"BOS","4.3","124","12",156,664,591,101,38,113,5,".279",".352",".538",".890",".259","21.5","9.3","2.3","27.8"
"107284","664040","Brandon Lowe",26,"TB","4.3","120","14",149,615,535,97,39,99,7,".247",".340",".523",".863",".277","27.2","11.1","2.5","32.7"
"108612","669257","Will Smith",26,"LAD","4.2","124","13",130,501,414,71,25,76,3,".258",".365",".495",".860",".237","20.2","11.6","1.7","21.2"
"106744","663586","Austin Riley",24,"ATL","4.2","123","12",160,662,590,91,33,107,"0",".303",".367",".531",".898",".227","25.4","7.9","3.2","28.1"
"107491","666182","Bo Bichette",23,"TOR","4.1","117","11",159,690,640,121,29,102,25,".298",".343",".484",".828",".186","19.9","5.8","3.4","22.4"
"66955","592206","Nick Castellanos",29,"CIN","4.0","127","13",138,585,531,95,34,100,3,".309",".362",".576",".939",".267","20.7","7.0","3.0","30.7"
"102704","641933","Tyler O'Neill",26,"STL","4.0","122","16",138,537,482,89,34,80,15,".286",".352",".560",".912",".274","31.3","7.1","4.4","34.8"
"107047","663656","Kyle Tucker",24,"HOU","4.0","130","11",140,567,506,83,30,92,14,".294",".359",".557",".917",".263","15.9","9.3","1.7","20.4"
"65870","518735","Yasmani Grandal",32,"CWS","4.0","147","17",93,375,279,60,23,62,"0",".240",".420",".520",".940",".280","21.9","23.2","0.9","24.9"
"58548","457763","Buster Posey",34,"SF","3.9","128","14",113,454,395,68,18,56,"0",".304",".390",".499",".889",".195","19.2","12.3","1.6","23.9"
"69667","606192","Teoscar Hernández",28,"TOR","3.8","120","13",143,595,550,92,32,116,12,".296",".346",".524",".870",".227","24.9","6.1","4.1","31.9"
"70646","608385","Jesse Winker",27,"CIN","3.8","135","13",110,485,423,77,24,71,1,".305",".394",".556",".949",".251","15.5","10.9","1.4","20.2"
"100007","571970","Max Muncy",30,"LAD","3.8","130","13",144,592,497,95,36,94,2,".249",".368",".527",".895",".278","20.3","14.0","1.4","23.3"
"59307","502671","Paul Goldschmidt",33,"STL","3.7","125","11",158,679,603,102,31,99,12,".294",".365",".514",".879",".221","20.0","9.9","2.0","24.9"
"57758","543063","Brandon Crawford",34,"SF","3.7","122","13",138,549,483,79,24,90,11,".298",".373",".522",".895",".224","19.1","10.2","1.9","29.3"
"105993","664034","Ty France",26,"SEA","3.7","120","11",152,650,571,85,18,73,"0",".291",".368",".445",".812",".154","16.3","7.1","2.3","19.1"
"104004","645277","Ozzie Albies",24,"ATL","3.7","106","12",156,686,629,103,30,106,20,".259",".310",".488",".799",".229","18.7","6.9","2.7","25.0"
"56034","516782","Starling Marte",32,,"3.7","110","10",120,526,467,89,12,55,47,".308",".381",".456",".837",".148","18.8","8.2","2.3","24.7"
"67084","592663","J.T. Realmuto",30,"PHI","3.7","97","13",134,537,476,64,17,73,13,".263",".343",".439",".782",".176","24.0","8.9","2.7","27.0"
"51408","493329","Yuli Gurriel",37,"HOU","3.6","125","10",143,605,530,83,15,81,1,".319",".383",".462",".846",".143","11.2","9.8","1.1","13.9"
"70613","608336","Joey Gallo",27,,"3.6","108","14",153,616,498,90,38,77,6,".199",".351",".458",".808",".259","34.6","18.0","1.9","39.2"
"57335","521692","Salvador Perez",31,"KC","3.6","130","15",161,665,620,88,48,121,1,".273",".316",".544",".859",".271","25.6","4.2","6.1","33.6"
"56185","518626","Josh Donaldson",35,"MIN","3.5","122","13",135,543,457,73,26,72,"0",".247",".352",".475",".827",".228","21.0","13.6","1.5","27.6"
"70430","605141","Mookie Betts",28,"LAD","3.5","121","12",122,550,466,93,23,58,10,".264",".367",".487",".854",".223","15.6","12.4","1.3","16.8"
"70301","543068","C.J. Cron",31,"COL","3.4","126","14",142,547,470,70,28,92,1,".281",".375",".530",".905",".249","21.4","11.0","1.9","27.5"
"57556","519317","Giancarlo Stanton",31,"NYY","3.4","126","15",139,579,510,64,35,97,"0",".273",".354",".516",".870",".243","27.1","10.9","2.5","32.8"
"101603","624413","Pete Alonso",26,"NYM","3.4","129","12",152,637,561,81,37,94,3,".262",".344",".519",".862",".257","19.9","9.4","2.1","24.9"
"106969","664702","Myles Straw",26,,"3.3","96","9",158,638,564,86,4,48,30,".271",".349",".348",".696",".076","19.0","10.5","1.8","13.6"
"102005","547989","José Abreu",34,"CWS","3.3","120","13",152,659,566,86,30,117,1,".261",".351",".481",".831",".219","21.7","9.3","2.3","27.4"
"68660","592669","Hunter Renfroe",29,"BOS","3.2","113","13",144,572,521,89,31,96,1,".259",".315",".501",".816",".242","22.7","7.7","3.0","25.9"
"124341","663697","Jonathan India",24,"CIN","3.2","109","11",150,631,532,98,21,69,12,".269",".376",".459",".835",".190","22.3","11.3","2.0","25.1"
"108112","670032","Nicky Lopez",26,"KC","3.2","102","10",151,565,497,78,2,43,22,".300",".365",".378",".744",".078","13.1","8.7","1.5","15.6"
"109860","666969","Adolis García",28,"TEX","3.2","92","14",149,622,581,77,31,90,16,".243",".286",".454",".741",".212","31.2","5.1","6.1","34.2"
"56761","516416","Jean Segura",31,"PHI","3.1","110","12",131,567,514,76,14,58,9,".290",".348",".436",".784",".146","13.8","6.9","2.0","17.3"
"109138","666971","Lourdes Gurriel Jr.",27,"TOR","3.1","109","12",141,541,500,62,21,84,1,".276",".319",".466",".784",".190","18.9","5.9","3.2","24.3"
"60932","572041","AJ Pollock",33,"LAD","3.1","120","14",117,422,384,53,21,69,9,".297",".355",".536",".892",".240","19.0","7.1","2.7","24.3"
"105454","660670","Ronald Acuña Jr.",23,"ATL","3.1","137","17",82,360,297,72,24,52,17,".283",".394",".596",".990",".313","23.6","13.6","1.7","27.6"
"99914","571745","Mitch Haniger",30,"SEA","3.1","116","13",157,691,620,110,39,100,1,".253",".318",".485",".804",".232","24.5","7.8","3.1","29.8"
"99903","572287","Mike Zunino",30,"TB","3.1","121","19",109,375,333,64,33,62,"0",".216",".301",".559",".860",".342","35.2","9.1","3.9","38.8"
"51991","457759","Justin Turner",36,"LAD","3.1","121","11",151,612,533,87,27,87,3,".278",".361",".471",".832",".193","16.0","10.0","1.6","17.7"
"65767","474832","Brandon Belt",33,"SF","3.0","144","19",97,381,325,65,29,59,3,".274",".378",".597",".975",".323","27.0","12.6","2.1","28.0"
"59016","541645","Avisaíl García",30,"MIL","3.0","114","13",135,515,461,68,29,86,8,".262",".330",".490",".820",".228","23.5","7.4","3.2","33.6"
"105531","664056","Harrison Bader",27,"STL","3.0","106","14",103,401,367,45,16,50,9,".267",".324",".460",".785",".193","21.2","6.7","3.1","24.8"
"109147","670541","Yordan Alvarez",24,"HOU","3.0","116","13",144,598,537,92,33,104,1,".277",".346",".531",".877",".253","24.2","8.4","2.9","22.7"
"103751","656941","Kyle Schwarber",28,,"2.9","125","15",113,471,399,76,32,71,1,".266",".374",".554",".928",".288","27.0","13.6","2.0","28.6"
"59339","518934","DJ LeMahieu",32,"NYY","2.9","106","10",150,679,597,84,10,57,4,".268",".349",".362",".711",".094","13.8","10.8","1.3","14.3"
"34302","443558","Nelson Cruz",40,,"2.9","122","12",140,584,513,79,32,86,3,".265",".334",".497",".832",".232","21.6","8.7","2.5","30.7"
"59275","502110","J.D. Martinez",33,"BOS","2.9","115","12",148,634,570,92,28,99,"0",".286",".349",".518",".867",".232","23.7","8.7","2.7","29.3"
"105791","630105","Jake Cronenworth",27,"SD","2.8","113","11",152,643,567,94,21,71,4,".266",".340",".460",".800",".194","14.0","8.6","1.6","13.8"
"45487","458015","Joey Votto",37,"CIN","2.8","127","14",129,533,448,73,36,99,1,".266",".375",".563",".938",".297","23.8","14.4","1.6","29.3"
"100631","621439","Byron Buxton",27,"MIN","2.8","136","20",61,254,235,50,19,32,9,".306",".358",".647","1.005",".340","24.4","5.1","4.8","29.2"
"67175","593160","Whit Merrifield",32,"KC","2.8","95","9",162,720,664,97,10,74,40,".277",".317",".395",".711",".117","14.3","5.6","2.6","18.2"
"107582","666185","Dylan Carlson",22,"STL","2.8","101","11",149,619,542,79,18,65,2,".266",".343",".437",".780",".172","24.6","9.2","2.7","27.9"
"66594","572191","Michael A. Taylor",30,"KC","2.8","82","11",142,528,483,58,12,54,14,".244",".297",".356",".653",".112","27.3","6.3","4.4","31.3"
"66068","553882","Omar Narváez",29,"MIL","2.8","99","11",123,445,391,54,11,49,"0",".266",".342",".402",".743",".136","18.9","9.2","2.0","23.6"
"57919","543257","Robbie Grossman",31,"DET","2.8","110","11",156,671,557,88,23,67,20,".239",".357",".415",".772",".176","23.1","14.6","1.6","21.6"
"66950","592192","Mark Canha",32,"OAK","2.7","114","10",141,625,519,93,17,61,12,".231",".358",".387",".746",".156","20.5","12.3","1.7","21.5"
"102503","641313","Tim Anderson",28,"CWS","2.7","103","11",123,551,527,94,17,61,18,".309",".338",".469",".806",".159","21.6","4.0","5.4","26.1"
"68520","592178","Kris Bryant",29,,"2.7","110","11",144,586,513,86,25,73,10,".265",".353",".481",".835",".216","23.0","10.6","2.2","27.9"
"70775","605137","Josh Bell",28,"WSH","2.6","129","12",144,568,498,75,27,88,"0",".261",".347",".476",".823",".215","17.8","11.4","1.6","24.1"
"70524","607043","Brandon Nimmo",28,"NYM","2.6","110","12",92,386,325,51,8,28,5,".292",".401",".437",".838",".145","20.5","14.0","1.5","22.7"
"70635","608369","Corey Seager",27,"LAD","2.5","124","14",95,409,353,54,16,57,1,".306",".394",".521",".915",".215","16.1","11.7","1.4","28.0"
"104938","657077","Alex Verdugo",25,"BOS","2.5","106","10",146,604,544,88,13,63,6,".289",".351",".426",".778",".138","15.9","8.4","1.9","17.7"
"104096","649966","Luis Urías",24,"MIL","2.5","107","12",150,570,490,77,23,75,5,".249",".345",".445",".789",".196","20.4","11.1","1.8","22.8"
"104123","650333","Luis Arraez",24,"MIN","2.5","103","10",121,479,428,58,2,42,2,".294",".357",".376",".733",".082","10.0","9.0","1.1","10.7"
"103420","643396","Isiah Kiner-Falefa",26,"TEX","2.5","95","8",158,677,635,74,8,53,20,".271",".312",".357",".670",".087","13.3","4.1","3.2","14.6"
"66391","570731","Jonathan Schoop",29,"DET","2.5","106","11",156,674,623,85,22,84,2,".278",".320",".435",".756",".157","19.7","5.5","3.6","24.6"
"70399","596019","Francisco Lindor",27,"NYM","2.4","107","11",125,524,452,73,20,63,10,".230",".322",".412",".734",".181","18.3","11.1","1.7","23.3"
"57850","527038","Wilmer Flores",29,"SF","2.4","124","13",139,436,389,57,18,53,1,".262",".335",".447",".782",".185","12.8","9.4","1.4","16.6"
"70406","596115","Trevor Story",28,"COL","2.4","105","13",142,595,526,88,24,75,20,".251",".329",".471",".801",".221","23.4","8.9","2.6","27.5"
"107930","669720","Austin Hays",25,"BAL","2.4","104","12",131,529,488,73,22,71,4,".256",".308",".461",".769",".205","20.2","5.3","3.8","24.7"
"49264","488726","Michael Brantley",34,"HOU","2.4","112","10",121,508,469,68,8,47,1,".311",".362",".437",".799",".126","10.4","6.5","1.6","11.0"
"107168","621020","Dansby Swanson",27,"ATL","2.3","99","11",160,653,588,78,27,88,9,".248",".311",".449",".760",".201","25.6","8.0","3.2","30.5"
"108278","669221","Sean Murphy",26,"OAK","2.3","95","14",119,448,393,47,17,59,"0",".216",".306",".405",".710",".188","25.4","8.9","2.9","27.8"
"69338","600869","Jeimer Candelario",27,"DET","2.3","105","11",149,626,557,75,16,67,"0",".271",".351",".443",".795",".172","21.6","10.4","2.1","23.5"
"109161","668227","Randy Arozarena",26,"TB","2.3","103","12",141,604,529,94,20,69,20,".274",".356",".459",".815",".185","28.1","9.3","3.0","32.6"
"65992","543807","George Springer",31,"TOR","2.3","132","16",78,342,299,59,22,50,4,".264",".352",".555",".907",".291","23.1","10.8","2.1","26.9"
"100988","622534","Manuel Margot",26,"TB","2.3","101","12",125,464,421,55,10,57,13,".254",".313",".382",".696",".128","15.1","8.0","1.9","20.5"
"110664","673357","Luis Robert",23,"CWS","2.2","121","18",68,296,275,42,13,43,6,".338",".378",".567",".946",".229","20.6","4.7","4.4","28.4"
"103417","643393","Tony Kemp",29,"OAK","2.2","110","10",131,397,330,54,8,37,8,".279",".382",".418",".800",".139","12.8","13.1","1.0","15.6"
"105574","643217","Andrew Benintendi",26,"KC","2.2","101","12",134,538,493,63,17,73,8,".276",".324",".442",".766",".166","18.0","6.7","2.7","22.7"
"52448","446334","Evan Longoria",35,"SF","2.2","119","19",81,291,253,45,13,46,1,".261",".351",".482",".833",".221","23.4","12.0","1.9","25.2"
"66057","553869","Elias Díaz",30,"COL","2.2","114","14",106,371,338,52,18,44,"0",".246",".310",".464",".774",".219","16.2","8.1","2.0","24.1"
"50106","502054","Tommy Pham",33,"SD","2.2","100","11",155,561,475,74,15,49,14,".229",".340",".383",".724",".154","22.8","13.9","1.6","23.4"
"67744","594807","Adam Duvall",32,,"2.2","100","14",146,555,513,67,38,113,5,".228",".281",".491",".772",".263","31.4","6.3","5.0","29.3"
"103209","642715","Willy Adames",25,,"2.1","100","12",140,555,497,77,25,73,5,".262",".337",".481",".818",".219","28.1","10.3","2.7","32.5"
"59871","542583","Jesús Aguilar",31,"MIA","2.1","112","12",131,510,449,49,22,93,"0",".261",".329",".459",".788",".198","18.2","9.0","2.0","25.8"
"99953","573262","Mike Yastrzemski",30,"SF","2.1","100","13",139,532,468,75,25,71,4,".224",".311",".457",".768",".233","24.6","9.6","2.6","24.4"
"71213","607732","Jacob Stallings",31,"PIT","2.1","99","11",112,427,374,38,8,53,"0",".246",".335",".369",".704",".123","19.9","11.5","1.7","23.4"
"56444","514917","César Hernández",31,,"2.1","99","9",149,637,570,84,21,62,1,".232",".308",".386",".694",".154","21.2","9.3","2.3","22.3"
"66719","575929","Willson Contreras",29,"CHC","2.0","102","14",128,483,413,61,21,57,5,".237",".340",".438",".778",".201","28.6","10.8","2.6","34.6"
"108878","669289","Santiago Espinal",26,"TOR","2.0","112","13",92,246,222,32,2,17,6,".311",".376",".405",".781",".095","12.2","8.9","1.4","15.5"
"57951","543281","Josh Harrison",33,,"2.0","105","9",138,558,505,58,8,60,9,".279",".341",".400",".741",".121","13.4","5.6","2.4","18.8"
"52260","444482","David Peralta",33,"ARI","2.0","91","9",150,538,487,57,8,63,2,".259",".325",".402",".728",".144","17.1","8.6","2.0","21.2"
"70607","608324","Alex Bregman",27,"HOU","2.0","120","12",91,400,348,54,12,55,1,".270",".355",".422",".777",".152","13.3","11.0","1.2","13.5"
"46400","457705","Andrew McCutchen",34,"PHI","2.0","108","11",144,574,482,78,27,80,6,".222",".334",".444",".778",".222","23.0","14.1","1.6","25.7"
"70619","608348","Carson Kelly",26,"ARI","2.0","113","15",98,359,304,41,13,46,"0",".240",".343",".411",".754",".171","20.6","12.3","1.7","25.1"
"103726","650490","Yandy Díaz",29,"TB","2.0","112","11",134,541,465,62,13,64,1,".256",".353",".387",".740",".131","15.7","12.8","1.2","19.2"
"68087","596142","Gary Sánchez",28,"NYY","2.0","106","15",117,440,383,54,23,54,"0",".204",".307",".423",".730",".219","27.5","11.8","2.3","29.4"
"105147","657656","Ramón Laureano",26,"OAK","2.0","100","14",88,378,341,43,14,39,12,".246",".317",".443",".760",".196","25.9","7.1","3.6","27.1"
"105735","663757","Trent Grisham",24,"SD","2.0","96","11",132,527,462,61,15,62,13,".242",".327",".413",".740",".171","22.6","10.2","2.2","21.9"
"70387","595879","Javier Báez",28,,"2.0","95","14",138,547,502,80,31,87,18,".265",".319",".494",".813",".229","33.6","5.1","6.6","40.6"
"101618","624428","Adam Frazier",29,,"2.0","104","8",155,639,577,83,5,43,10,".305",".368",".411",".779",".106","10.8","7.5","1.4","12.4"
"105432","660162","Yoán Moncada",26,"CWS","1.9","103","11",144,616,520,74,14,61,3,".263",".375",".412",".786",".148","25.5","13.6","1.9","28.1"
"69790","606466","Ketel Marte",27,"ARI","1.9","123","14",90,374,340,52,14,50,2,".318",".377",".532",".909",".215","16.0","8.3","1.9","17.3"
"59431","545358","Max Stassi",30,"LAA","1.9","88","15",87,319,282,45,13,35,"0",".241",".326",".426",".752",".184","31.7","8.8","3.6","31.2"
"58767","543877","Christian Vázquez",30,"BOS","1.9","90","10",138,498,458,51,6,49,8,".258",".308",".352",".659",".094","16.9","6.6","2.5","17.6"
"102432","640457","Austin Meadows",26,"TB","1.9","105","12",142,591,518,79,27,106,4,".234",".315",".458",".772",".224","20.6","10.0","2.1","24.4"
"104806","656555","Rhys Hoskins",28,"PHI","1.9","118","14",107,443,389,64,27,71,3,".247",".334",".530",".864",".283","24.4","10.6","2.3","26.3"
"51653","500871","Eduardo Escobar",32,,"1.9","103","12",146,599,549,77,28,90,1,".253",".314",".472",".786",".219","20.7","8.0","2.6","23.8"
"107752","669242","Tommy Edman",26,"STL","1.9","90","10",159,691,641,91,11,56,30,".262",".308",".387",".695",".125","13.7","5.5","2.5","15.0"
"60918","573131","Darin Ruf",34,"SF","1.9","125","18",117,312,262,41,16,43,2,".271",".385",".519",".904",".248","27.9","14.7","1.9","25.0"
"106527","663624","Ryan Mountcastle",24,"BAL","1.9","110","13",144,586,534,77,33,89,4,".255",".309",".487",".796",".232","27.5","7.0","3.9","31.6"
"105978","664058","David Fletcher",27,"LAA","1.9","86","8",157,665,626,74,2,47,15,".262",".297",".324",".622",".062","9.0","4.7","1.9","9.5"
"100171","571657","Kyle Farmer",30,"CIN","1.9","97","12",147,529,483,60,16,63,2,".263",".316",".416",".732",".153","18.3","4.2","4.4","20.0"
"102668","641857","Ryan McMahon",26,"COL","1.8","99","12",151,596,528,80,23,86,6,".254",".331",".449",".779",".195","24.7","9.9","2.5","29.2"
"101621","624431","Jose Trevino",28,"TEX","1.8","84","13",89,302,285,23,5,30,1,".239",".267",".340",".607",".102","18.9","4.0","4.8","22.6"
"106960","663886","Tyler Stephenson",24,"CIN","1.8","106","12",132,402,350,56,10,45,"0",".286",".366",".431",".797",".146","18.7","10.2","1.8","19.0"
"104926","657041","Lane Thomas",25,,"1.8","106","14",77,264,226,35,7,28,6,".235",".341",".412",".752",".177","23.9","14.0","1.7","21.1"
"57514","519203","Anthony Rizzo",31,,"1.7","111","10",141,576,496,73,22,61,6,".248",".344",".440",".783",".192","15.1","9.0","1.7","20.9"
"70262","543939","Kolten Wong",30,"MIL","1.7","98","12",116,492,445,70,14,50,12,".272",".335",".447",".783",".175","16.9","6.3","2.7","18.9"
"104744","656305","Matt Chapman",28,"OAK","1.7","95","12",151,622,529,75,27,72,3,".210",".314",".403",".716",".193","32.5","12.9","2.5","32.8"
"106765","663898","Brendan Rodgers",24,"COL","1.7","101","12",102,415,387,49,15,51,"0",".284",".328",".470",".798",".186","20.2","4.6","4.4","23.0"
"107102","665120","Jared Walsh",27,"LAA","1.7","110","13",144,585,530,70,29,98,2,".277",".340",".509",".850",".232","26.0","8.2","3.2","26.0"
"60834","543228","Yan Gomes",33,,"1.7","102","12",103,375,349,49,14,52,"0",".252",".301",".421",".722",".169","20.8","5.1","4.1","20.4"
"100496","621035","Chris Taylor",30,"LAD","1.7","96","12",148,582,507,92,20,73,13,".254",".344",".438",".782",".183","28.7","10.8","2.6","32.7"
"57302","520471","Freddy Galvis",31,,"1.7","101","12",104,394,356,53,14,40,1,".242",".302",".407",".709",".166","19.5","6.9","2.9","20.8"
"105437","664023","Ian Happ",26,"CHC","1.7","103","12",148,535,465,63,25,66,9,".226",".323",".434",".757",".209","29.2","11.6","2.5","32.4"
"68091","596146","Max Kepler",28,"MIN","1.7","98","12",121,490,426,61,19,54,10,".211",".306",".413",".719",".202","19.6","11.0","1.8","23.0"
"48685","444489","Manny Piña",34,"MIL","1.7","110","16",75,208,180,27,13,33,"0",".189",".293",".439",".732",".250","18.3","10.6","1.7","23.8"
"103500","643524","Frank Schwindel",29,,"1.6","129","17",64,259,242,44,14,43,2,".326",".371",".591",".962",".264","15.8","6.2","2.6","23.2"
"52804","453568","Charlie Blackmon",34,"COL","1.6","103","10",150,582,514,76,13,78,3,".270",".351",".411",".761",".140","15.6","9.3","1.7","20.4"
"100406","614177","Franmil Reyes",25,"CLE","1.6","111","16",115,466,418,57,30,85,4,".254",".324",".522",".846",".268","32.0","9.2","3.5","33.7"
"102612","641680","Jonah Heim",26,"TEX","1.6","88","13",82,285,265,22,10,32,3,".196",".239",".358",".598",".162","20.4","5.3","3.9","21.6"
"111317","677551","Wander Franco",20,"TB","1.6","112","13",70,308,281,53,7,39,2,".288",".347",".463",".810",".174","12.0","7.8","1.5","16.4"
"101614","624424","Michael Conforto",28,"NYM","1.6","102","12",125,479,406,52,14,55,1,".232",".344",".384",".729",".153","21.7","12.3","1.8","23.5"
"47202","456715","Lorenzo Cain",35,"MIL","1.6","101","14",78,286,257,40,8,36,13,".257",".329",".401",".729",".144","16.8","9.1","1.9","21.9"
"109090","647351","Abraham Toro",24,,"1.6","105","11",95,375,335,45,11,46,6,".239",".315",".373",".688",".134","14.4","8.3","1.7","17.6"
"204","405395","Albert Pujols",41,,"1.5","119","14",109,296,275,29,17,50,2,".236",".284",".433",".716",".196","15.2","4.7","3.2","21.6"
"102559","641487","J.P. Crawford",26,"SEA","1.5","91","10",160,687,619,89,9,54,3,".273",".338",".376",".715",".103","16.6","8.4","2.0","15.6"
"61044","578428","José Iglesias",31,,"1.5","93","9",137,511,483,65,9,48,5,".271",".309",".391",".700",".120","14.7","4.1","3.6","18.9"
"48772","456781","Donovan Solano",33,"SF","1.5","106","12",101,344,307,35,7,31,2,".280",".344",".404",".748",".124","16.9","7.3","2.3","20.3"
"60672","572122","Kyle Seager",33,"SEA","1.5","96","12",159,670,603,73,35,101,3,".212",".285",".438",".723",".226","24.0","8.8","2.7","29.7"
"59688","542340","Jonathan Villar",30,"NYM","1.5","95","13",142,505,454,63,18,42,14,".249",".322",".416",".738",".167","26.1","9.1","2.9","30.3"
"103203","642708","Amed Rosario",25,"CLE","1.5","94","10",141,588,550,77,11,57,13,".282",".321",".409",".730",".127","20.4","5.3","3.9","24.9"
"107439","668731","Akil Baddoo",22,"DET","1.5","88","12",124,461,413,60,13,55,18,".259",".330",".436",".766",".177","26.5","9.8","2.7","30.5"
"101657","624585","Jorge Soler",29,,"1.4","106","11",149,602,516,74,27,70,"0",".223",".316",".432",".749",".209","23.6","11.1","2.1","29.2"
"104180","650402","Gleyber Torres",24,"NYY","1.4","97","11",127,516,459,50,9,51,14,".259",".331",".366",".697",".107","20.2","9.7","2.1","26.3"
"102593","641598","Mitch Garver",30,"MIN","1.4","110","18",68,243,207,29,13,34,1,".256",".358",".517",".875",".261","29.2","12.8","2.3","30.0"
"67156","592885","Christian Yelich",29,"MIL","1.4","94","12",117,475,399,70,9,51,9,".248",".362",".373",".736",".125","23.8","14.7","1.6","24.9"
"68066","595777","Jurickson Profar",28,"SD","1.4","97","11",137,412,353,47,4,33,10,".227",".329",".320",".649",".093","15.8","11.9","1.3","18.0"
"102202","624641","Edmundo Sosa",25,"STL","1.4","102","13",113,326,288,39,6,27,4,".271",".346",".389",".735",".118","19.3","5.2","3.7","28.1"
"103451","643446","Jeff McNeil",29,"NYM","1.4","95","12",120,426,386,48,7,35,3,".249",".317",".358",".674",".109","13.6","6.8","2.0","18.2"
"101514","623912","Harold Ramirez",26,"CLE","1.4","99","12",99,361,339,33,7,41,3,".268",".305",".398",".703",".130","15.5","3.9","4.0","23.8"
"67098","592696","Eddie Rosario",29,,"1.4","97","11",111,412,379,42,14,62,11,".259",".305",".435",".740",".177","14.8","6.3","2.4","19.3"
"105846","657557","Paul DeJong",27,"STL","1.4","96","14",113,402,356,44,19,45,4,".197",".284",".390",".674",".194","25.6","8.7","2.9","27.9"
"69615","606132","Raimel Tapia",27,"COL","1.4","92","9",133,533,487,69,6,50,20,".273",".327",".372",".699",".099","13.1","7.5","1.8","14.8"
"100666","621563","Joey Wendle",31,"TB","1.4","90","12",136,501,460,73,11,54,8,".265",".319",".422",".741",".157","22.6","5.6","4.0","25.1"
"67574","593934","Miguel Sanó",28,"MIN","1.3","104","16",135,532,470,68,30,75,2,".223",".312",".466",".778",".243","34.4","11.1","3.1","38.2"
"111216","672386","Alejandro Kirk",22,"TOR","1.3","125","16",60,189,165,19,8,24,"0",".242",".328",".436",".764",".194","11.6","10.1","1.2","19.4"
"70673","608596","Tom Murphy",30,"SEA","1.3","92","15",97,325,277,35,11,34,"0",".202",".304",".350",".654",".148","30.5","12.3","2.5","33.2"
"107095","664774","LaMonte Wade Jr.",27,"SF","1.3","107","15",109,381,336,52,18,56,6,".253",".326",".482",".808",".229","23.4","8.7","2.7","20.1"
"70362","571980","Tyler Naquin",30,"CIN","1.3","99","14",127,454,411,52,19,70,5,".270",".333",".477",".810",".207","23.3","7.7","3.0","23.8"
"57884","544725","Leury García",30,"CWS","1.3","88","11",126,474,415,60,5,54,6,".267",".335",".376",".711",".108","20.5","8.6","2.4","24.5"
"100736","622110","Matt Duffy",30,"CHC","1.2","101","14",97,322,289,45,5,30,8,".287",".357",".381",".738",".093","19.6","7.8","2.5","15.3"
"102293","628451","Andy Ibáñez",28,"TEX","1.2","108","13",76,272,253,31,7,25,"0",".277",".321",".435",".756",".158","12.9","5.5","2.3","20.5"
"66013","546318","Odúbel Herrera",29,"PHI","1.2","97","11",124,492,450,59,13,51,6,".260",".310",".416",".726",".156","15.7","5.9","2.7","20.1"
"108127","666158","Gavin Lux",23,"LAD","1.2","89","12",102,381,335,49,7,46,4,".242",".328",".364",".692",".122","21.8","10.8","2.0","23.1"
"106208","656582","Connor Joe",28,"COL","1.2","113","16",63,211,179,23,8,35,"0",".285",".379",".469",".848",".184","19.4","12.3","1.6","23.5"
"100661","621550","Patrick Wisdom",29,"CHC","1.1","94","20",106,375,338,54,28,61,4,".231",".305",".518",".823",".287","40.8","8.5","4.8","41.3"
"66110","553993","Eugenio Suárez",29,"CIN","1.1","94","12",145,574,505,71,31,79,"0",".198",".286",".428",".713",".230","29.8","9.8","3.0","29.5"
"31391","425877","Yadier Molina",38,"STL","1.1","92","11",121,473,440,45,11,66,3,".252",".297",".370",".667",".118","16.7","5.1","3.3","24.0"
"48929","467793","Carlos Santana",35,"KC","1.1","104","10",158,659,565,66,19,69,2,".214",".319",".342",".660",".127","15.5","13.1","1.2","22.2"
"55784","518595","Travis d'Arnaud",32,"ATL","1.1","88","14",60,229,209,21,7,26,"0",".220",".284",".388",".671",".167","23.1","7.4","3.1","24.4"
"57969","543309","Kyle Higashioka",31,"NYY","1.1","87","17",67,211,193,20,10,29,"0",".181",".246",".389",".635",".207","28.0","8.1","3.5","31.0"
"125523","673490","Ha-Seong Kim",25,"SD","1.1","83","13",117,298,267,27,8,34,6,".202",".270",".352",".622",".150","23.8","7.4","3.2","21.8"
"46980","462101","Elvis Andrus",32,"OAK","1.1","87","9",146,541,497,60,3,37,12,".243",".294",".320",".614",".076","15.0","5.7","2.6","19.6"
"70755","543685","Anthony Rendon",31,"LAA","1.1","105","14",58,249,217,24,6,34,"0",".240",".329",".382",".712",".143","16.5","11.6","1.4","17.3"
"110995","662139","Daulton Varsho",24,"ARI","1.1","94","12",95,315,284,41,11,38,6,".246",".318",".437",".755",".190","21.3","9.5","2.2","24.6"
"102653","641820","Trey Mancini",29,"BAL","1.1","101","12",147,616,556,77,21,71,"0",".255",".326",".432",".758",".176","23.2","8.3","2.8","29.5"
"66638","572816","Corey Dickerson",32,,"1.1","92","11",109,365,336,43,6,29,6,".271",".326",".408",".734",".137","18.6","6.8","2.7","24.5"
"70093","607680","Kevin Pillar",32,"NYM","1.1","95","14",124,347,325,40,15,47,4,".231",".277",".415",".692",".185","23.3","3.2","7.4","24.7"
"108615","669256","Nick Solak",26,"TEX","1.1","95","11",127,511,458,57,11,49,7,".242",".314",".362",".677",".120","20.9","6.7","3.1","24.9"
"100630","621438","Tyrone Taylor",27,"MIL","1.1","101","17",93,271,243,33,12,43,6,".247",".321",".457",".778",".210","21.8","7.4","3.0","23.6"
"69455","602104","Ramón Urías",27,"BAL","1.1","100","15",85,296,262,33,7,38,1,".279",".361",".412",".774",".134","25.7","9.5","2.7","26.0"
"70928","605119","Brian Anderson",28,"MIA","1.1","93","15",67,264,233,24,7,28,5,".249",".337",".378",".715",".129","24.6","9.8","2.5","28.2"
"100316","608700","Kevin Plawecki",30,"BOS","1.0","105","15",64,173,157,15,3,15,"0",".287",".349",".389",".737",".102","15.0","6.9","2.2","16.3"
"71245","596103","Austin Slater",28,"SF","1.0","100","16",129,306,274,39,12,32,15,".241",".320",".423",".744",".182","27.5","9.2","3.0","30.2"
"124659","680777","Ryan Jeffers",24,"MIN","1.0","84","17",85,293,267,28,14,35,"0",".199",".270",".401",".670",".202","36.9","7.5","4.9","34.4"
"107632","665862","Jazz Chisholm Jr.",23,"MIA","1.0","86","12",124,507,464,70,18,53,23,".248",".303",".425",".728",".177","28.6","6.7","4.3","30.1"
"127403","663611","Nick Madrigal",24,"CWS","1.0","112","13",54,215,200,30,2,21,1,".305",".349",".425",".774",".120","7.9","5.1","1.6","8.5"
"142821","683734","Andrew Vaughn",23,"CWS","1.0","100","12",127,469,417,56,15,48,1,".235",".309",".396",".705",".161","21.5","8.7","2.5","24.3"
"65980","543543","Brad Miller",31,"PHI","1.0","102","15",140,377,331,53,20,49,3,".227",".321",".453",".774",".227","29.7","11.9","2.5","31.0"
"102433","640458","Oscar Mercado",26,"CLE","1.0","99","14",72,238,214,27,6,19,7,".224",".300",".369",".669",".145","17.6","8.8","2.0","27.0"
"101630","624512","Reese McGuire",26,"TOR","1.0","83","13",78,217,198,22,1,10,"0",".253",".310",".343",".654",".091","20.3","6.9","2.9","21.6"
"71328","607461","Matt Beaty",28,"LAD","1.0","109","16",120,234,204,35,7,40,2,".270",".363",".402",".765",".132","18.8","8.5","2.2","19.1"
"102578","641553","Adam Engel",29,"CWS","1.0","104","19",39,140,123,21,7,18,7,".252",".336",".496",".832",".244","22.1","7.9","2.8","27.1"
"110012","628450","Yadiel Hernandez",33,"WSH","1.0","99","15",112,289,264,33,9,32,3,".273",".329",".413",".742",".140","20.4","7.6","2.7","28.2"
"104261","650559","Bryan De La Cruz",24,"MIA","1.0","99","16",58,219,199,17,5,19,1,".296",".356",".427",".783",".131","24.2","8.2","2.9","25.2"
"51611","500743","Miguel Rojas",32,"MIA","1.0","96","10",132,539,495,66,9,48,13,".265",".322",".392",".714",".127","13.7","6.9","2.0","19.3"
"60408","545341","Randal Grichuk",29,"TOR","1.0","94","12",149,545,511,59,22,81,"0",".241",".281",".423",".703",".182","20.9","5.0","4.2","23.2"
"69270","596059","Rougned Odor",27,"NYY","1.0","84","13",102,361,322,42,15,39,"0",".202",".286",".379",".665",".177","27.7","7.5","3.7","28.7"
"103405","643376","Danny Jansen",26,"TOR","1.0","105","17",70,205,184,32,11,28,"0",".223",".299",".473",".772",".250","21.5","8.3","2.6","25.3"
"66883","591720","Ronald Torreyes",28,"PHI","0.9","95","12",111,344,318,30,7,41,2,".242",".286",".346",".632",".104","11.9","5.5","2.2","14.0"
"47625","444876","Alcides Escobar",34,"WSH","0.9","95","13",75,349,319,53,4,28,3,".288",".340",".404",".744",".116","16.0","4.9","3.3","22.0"
"69440","602074","Yonathan Daza",27,"COL","0.9","89","11",107,331,301,26,2,30,2,".282",".332",".355",".688",".073","18.1","6.3","2.9","19.9"
"69513","605131","Austin Barnes",31,"LAD","0.9","86","16",77,225,200,28,6,23,1,".215",".299",".345",".644",".130","24.9","8.9","2.8","26.9"
"70397","595978","Austin Hedges",28,"CLE","0.9","69","13",88,312,286,32,10,31,1,".178",".220",".308",".527",".129","27.9","4.8","5.8","29.8"
"105633","664913","Seth Brown",28,"OAK","0.9","100","18",111,307,281,43,20,48,4,".214",".274",".480",".754",".267","29.0","7.5","3.9","32.4"
"101568","623993","Anthony Santander",26,"BAL","0.9","96","13",110,438,406,54,18,50,1,".241",".286",".433",".720",".192","23.1","5.3","4.4","25.2"
"110857","656976","Pavin Smith",25,"ARI","0.9","92","11",145,545,498,68,11,49,1,".267",".328",".404",".732",".137","19.4","7.7","2.5","17.2"
"71054","543592","Austin Nola",31,"SD","0.9","108","13",56,194,173,15,2,29,"0",".272",".340",".376",".716",".104","9.8","7.2","1.4","12.2"
"57988","543333","Eric Hosmer",31,"SD","0.9","98","11",151,565,509,53,12,65,5,".269",".337",".395",".732",".126","17.5","8.5","2.1","22.8"
"69564","605412","Joe Panik",30,,"0.9","91","9",95,257,236,17,3,18,2,".208",".266",".284",".550",".076","13.2","6.6","2.0","14.4"
"106121","663647","Ke'Bryan Hayes",24,"PIT","0.9","86","12",96,396,362,49,6,38,9,".257",".316",".373",".689",".116","22.0","7.8","2.8","20.5"
"107920","641658","Garrett Hampson",26,"COL","0.9","81","12",147,494,453,69,11,33,17,".234",".289",".380",".669",".146","23.9","6.7","3.6","24.3"
"102864","642336","Francisco Mejía",25,"TB","0.9","101","13",84,277,250,31,6,35,"0",".260",".322",".416",".738",".156","17.7","6.1","2.9","20.4"
"67072","592626","Joc Pederson",29,,"0.9","92","11",137,481,429,55,18,61,2,".238",".310",".422",".732",".184","24.3","8.1","3.0","26.3"
"59705","542364","Rafael Ortega",30,"CHC","0.9","104","14",103,330,296,44,11,33,12,".291",".360",".463",".823",".172","21.2","9.1","2.3","21.5"
"60956","570482","Gio Urshela",29,"NYY","0.9","93","13",116,442,420,42,14,49,1,".267",".301",".419",".720",".152","24.7","4.5","5.5","25.1"
"100628","621433","Brett Phillips",27,"TB","0.8","74","17",118,292,253,50,13,44,14,".202",".297",".415",".712",".213","38.7","11.3","3.4","36.3"
"102267","628338","Guillermo Heredia",30,"ATL","0.8","84","12",120,347,305,46,5,26,"0",".220",".311",".354",".665",".134","23.3","9.2","2.5","27.5"
"46262","476704","Jed Lowrie",37,"OAK","0.8","96","12",139,512,457,55,14,69,"0",".245",".318",".398",".717",".153","21.1","9.6","2.2","24.3"
"123806","663538","Nico Hoerner",24,"CHC","0.8","99","13",44,170,149,13,"0",16,5,".302",".382",".369",".752",".067","14.7","10.0","1.5","18.4"
"34706","649557","Aledmys Díaz",30,"HOU","0.8","96","13",84,319,294,28,8,45,"0",".259",".317",".405",".721",".146","19.4","5.0","3.9","22.5"
"107106","621493","Taylor Ward",27,"LAA","0.8","99","15",65,237,208,33,8,33,1,".250",".332",".438",".769",".188","23.2","8.4","2.8","25.1"
"59145","542303","Marcell Ozuna",30,"ATL","0.8","97","16",48,208,188,21,7,26,"0",".213",".288",".356",".645",".144","22.1","9.1","2.4","27.5"
"70516","606992","Eric Haase",28,"DET","0.8","102","16",98,381,351,48,22,61,2,".231",".286",".459",".745",".228","31.2","6.8","4.6","34.7"
"45398","452678","Asdrúbal Cabrera",35,,"0.8","91","13",110,352,309,34,7,42,1,".230",".313",".366",".678",".136","22.7","10.2","2.2","25.4"
"102064","605170","Victor Caratini",27,"SD","0.8","88","13",116,356,313,33,7,39,2,".227",".309",".323",".632",".096","23.0","9.8","2.3","25.5"
"51985","457708","Justin Upton",33,"LAA","0.8","95","15",89,362,318,47,17,41,4,".211",".296",".409",".705",".198","29.6","10.8","2.7","31.6"
"67119","592743","Andrelton Simmons",31,"MIN","0.8","84","9",131,451,412,37,3,31,1,".223",".283",".274",".558",".051","13.7","7.1","1.9","16.6"
"65961","543105","Alex Dickerson",31,"SF","0.8","98","16",111,312,283,37,13,38,1,".233",".304",".420",".725",".187","24.4","7.4","3.3","28.2"
"56945","519390","Stephen Vogt",36,,"0.8",89,"13",78,238,210,24,7,25,"0",".195",".283",".333",".616",".138","23.5","10.9","2.1","26.3"
"107858","665926","Andrés Giménez",22,"CLE","0.8","77","15",68,210,188,23,5,16,11,".218",".282",".351",".633",".133","25.7","5.2","4.9","30.5"
"100121","572233","Christian Walker",30,"ARI","0.8","91","13",115,445,401,55,10,46,"0",".244",".315",".382",".696",".137","23.8","8.5","2.8","27.4"
"31483","408234","Miguel Cabrera",38,"DET","0.7","100","12",130,526,472,48,15,75,"0",".256",".316",".386",".701",".129","22.4","7.6","3.0","25.8"
"70393","595943","Phillip Evans",28,"PIT","0.7","91","16",76,247,214,23,5,16,1,".206",".312",".299",".611",".093","21.5","11.3","1.9","23.6"
"106153","660634","Yonny Hernandez",23,"TEX","0.7","90","14",43,166,143,15,"0",6,11,".217",".315",".252",".567",".035","19.3","10.2","1.9","15.2"
"108119","663993","Nathaniel Lowe",25,"TEX","0.7","98","11",157,642,557,75,18,72,8,".264",".357",".415",".771",".151","25.2","12.5","2.0","23.6"
"70394","595956","Cam Gallagher",28,"KC","0.7","93","15",48,124,112,9,1,7,"0",".250",".298",".330",".628",".080","16.1","6.5","2.5","15.4"
"59592","571466","Tucker Barnhart",30,"CIN","0.7","77","12",116,388,348,41,7,48,"0",".247",".317",".368",".685",".121","25.8","7.5","3.5","26.2"
"45623","475582","Ryan Zimmerman",36,"WSH","0.7","100","19",110,273,255,27,14,46,"0",".243",".286",".471",".756",".227","28.2","5.9","4.8","28.4"
"107452","668663","Tres Barrera",26,"WSH","0.7","99","18",30,107,91,8,2,10,"0",".264",".374",".385",".758",".121","20.6","11.2","1.8","22.7"
"59664","571788","Brock Holt",33,"TEX","0.7","78","12",76,260,235,21,2,23,5,".209",".281",".298",".579",".089","18.8","8.8","2.1","19.4"
"100653","621512","Tomás Nido",27,"NYM","0.7","70","16",58,161,153,16,3,13,1,".222",".261",".327",".588",".105","27.3","3.1","8.8","38.0"
"103225","642731","Thairo Estrada",25,"SF","0.7","115","19",52,132,121,19,7,22,1,".273",".333",".479",".813",".207","17.4","6.8","2.6","19.0"
"69305","600303","Tommy La Stella",32,"SF","0.7","108","15",76,242,220,26,7,27,"0",".250",".308",".405",".713",".155","10.7","7.4","1.4","12.3"
"104176","650391","Eloy Jiménez",24,"CWS","0.7","97","18",55,231,213,23,10,37,"0",".249",".303",".437",".740",".188","24.7","6.9","3.6","33.8"
"67964","595281","Kevin Kiermaier",31,"TB","0.7","79","12",122,390,348,54,4,37,9,".259",".328",".388",".716",".129","25.4","8.5","3.0","31.6"
"101605","624415","Cavan Biggio",26,"TOR","0.7","89","15",79,294,250,27,7,27,3,".224",".322",".356",".678",".132","26.5","12.6","2.1","25.8"
"57278","516770","Starlin Castro",31,"WSH","0.7","93","12",87,346,315,25,3,38,"0",".283",".333",".375",".708",".092","17.9","7.5","2.4","22.2"
"106548","647304","Josh Naylor",24,"CLE","0.7","91","15",69,250,233,28,7,21,1,".253",".301",".399",".700",".146","18.0","5.6","3.2","21.3"
"100349","609280","Miguel Andújar",26,"NYY","0.7","103","17",45,162,154,19,6,12,"0",".253",".284",".383",".667",".130","17.3","4.3","4.0","19.3"
"47454","458731","Brett Gardner",37,"NYY","0.7","88","12",140,461,387,47,10,39,4,".222",".327",".362",".688",".140","21.7","13.0","1.7","18.5"
"69686","606213","Yermín Mercedes",28,"CWS","0.6","104","14",68,262,240,26,7,37,"0",".271",".328",".404",".732",".133","17.6","7.6","2.3","22.0"
"130939","663457","Lars Nootbaar",23,"STL","0.6","100","20",58,124,109,15,5,15,2,".239",".317",".422",".739",".183","22.6","10.5","2.1","26.1"
"58809","544369","Didi Gregorius",31,"PHI","0.6","86","13",103,408,368,35,13,54,3,".209",".270",".370",".639",".160","16.4","6.1","2.7","24.6"
"106165","656541","Sam Hilliard",27,"COL","0.6","83","18",81,238,214,32,14,34,5,".215",".294",".463",".757",".248","36.6","9.7","3.8","41.8"
"104023","645302","Victor Robles",24,"WSH","0.6","78","11",107,369,315,37,2,19,8,".203",".310",".295",".605",".092","23.0","8.9","2.6","25.6"
"108396","656847","DJ Peters",25,,"0.6","82","17",70,240,223,29,13,38,2,".197",".242",".422",".663",".224","34.2","5.0","6.8","36.9"
"125372","672284","Jarred Kelenic",21,"SEA","0.6","78","14",93,377,337,41,14,43,6,".181",".265",".350",".615",".169","28.1","9.5","2.9","26.9"
"107811","641584","Jake Fraley",26,"SEA","0.6","97","14",78,265,214,27,9,36,10,".210",".352",".369",".721",".159","26.8","17.4","1.5","28.6"
"102080","608686","Jack Mayfield",30,,"0.6","93","14",86,290,266,30,10,39,5,".218",".272",".387",".659",".169","23.4","5.9","4.0","24.7"
"100634","621446","Lewis Brinson",27,"MIA","0.6","83","14",89,290,274,24,9,33,1,".226",".263",".376",".639",".150","24.8","4.5","5.5","31.2"
"69752","606299","José Peraza",27,"NYM","0.6","102","16",64,154,142,21,6,20,1,".204",".266",".380",".646",".176","16.9","5.8","2.9","19.6"
"109295","666176","Jo Adell",22,"LAA","0.6","92","18",35,140,130,17,4,26,2,".246",".295",".408",".703",".162","22.9","5.7","4.0","29.6"
"110699","668942","Josh Rojas",27,"ARI","0.6","87","12",139,550,484,69,11,44,9,".264",".341",".411",".752",".147","24.9","10.5","2.4","23.6"
"105256","658069","Joshua Fuentes",28,"COL","0.6","80","14",95,284,271,30,7,33,"0",".225",".257",".351",".608",".125","22.9","4.2","5.4","27.2"
"106503","664238","Dylan Moore",28,"SEA","0.6","83","13",126,377,332,42,12,43,21,".181",".276",".334",".610",".154","29.4","10.6","2.8","25.9"
"105665","641432","Willie Calhoun",26,"TEX","0.6","100","12",75,284,260,26,6,25,"0",".250",".310",".381",".691",".131","12.0","7.4","1.6","16.1"
"105440","621466","DJ Stewart",27,"BAL","0.6","92","16",100,318,270,39,12,33,"0",".204",".324",".374",".698",".170","28.0","13.8","2.0","31.7"
"102940","642423","Magneuris Sierra",25,"MIA","0.6","72","12",123,225,209,27,"0",5,11,".230",".281",".268",".549",".038","22.2","6.7","3.3","22.5"
"59432","545361","Mike Trout",29,"LAA","0.6","123","24",36,146,117,23,8,18,2,".333",".466",".624","1.090",".291","28.1","18.5","1.5","27.5"
"106844","660821","Jesús Sánchez",23,"MIA","0.6","94","21",64,251,227,27,14,36,"0",".251",".319",".489",".808",".238","31.1","8.0","3.9","29.4"
"104450","650859","Luis Rengifo",24,"LAA","0.6","87","15",54,190,174,22,6,18,1,".201",".246",".310",".556",".109","20.0","4.7","4.2","27.2"
"57396","518792","Jason Heyward",31,"CHC","0.6","83","12",104,353,323,35,8,30,5,".214",".280",".347",".627",".133","19.3","7.6","2.5","23.8"
"69854","607054","Jace Peterson",31,"MIL","0.5","90","12",94,302,259,36,6,31,10,".247",".348",".367",".714",".120","22.5","12.6","1.8","27.3"
"105891","621453","Steven Duggar",27,"SF","0.5","79","14",107,297,268,45,8,35,7,".257",".330",".437",".766",".179","29.6","9.1","3.3","28.0"
"108097","641786","Kyle Lewis",25,"SEA","0.5","101","19",36,147,130,15,5,11,2,".246",".333",".392",".726",".146","25.2","10.9","2.3","34.2"
"50677","501303","Ehire Adrianza",31,"ATL","0.5","98","15",109,209,182,32,5,28,"0",".247",".327",".401",".728",".154","20.1","10.0","2.0","21.1"
"60635","571976","Wil Myers",30,"SD","0.5","97","12",146,500,442,56,17,63,8,".256",".334",".434",".768",".179","28.2","10.8","2.6","32.0"
"67418","593643","Hanser Alberto",28,"KC","0.5","94","11",103,255,241,25,2,24,3,".270",".291",".402",".693",".133","10.2","1.6","6.5","15.6"
"105420","656537","Derek Hill",25,"DET","0.5","79","17",49,150,139,19,3,14,6,".259",".313",".388",".702",".129","28.0","6.7","4.2","27.3"
"104121","650331","Lewin Díaz",24,"MIA","0.5","87","22",40,128,122,16,8,13,"0",".205",".242",".451",".693",".246","25.8","4.7","5.5","28.8"
"70378","592200","Curt Casali",32,"SF","0.5","83","16",77,231,200,20,5,26,"0",".210",".313",".350",".663",".140","28.6","11.3","2.5","29.7"
"101604","624414","Christian Arroyo",26,"BOS","0.5","95","18",57,181,164,22,6,25,1,".262",".324",".445",".769",".183","24.3","4.4","5.5","26.7"
"103221","642727","Sergio Alcántara",24,"CHC","0.5","81","14",89,255,220,30,5,17,3,".205",".303",".327",".630",".123","29.0","11.8","2.5","30.1"
"48082","455117","Martín Maldonado",34,"HOU","0.5","77","12",125,426,373,40,12,36,"0",".172",".272",".300",".573",".129","29.8","11.0","2.7","28.8"
"107293","665750","Leody Taveras",22,"TEX","0.5","62","14",49,185,174,14,3,9,10,".161",".207",".270",".477",".109","32.4","4.9","6.7","26.9"
"103340","643265","Garrett Cooper",30,"MIA","0.5","106","18",71,250,215,30,9,33,1,".284",".380",".465",".845",".181","27.2","12.0","2.3","27.2"
"110298","676801","Chas McCormick",26,"HOU","0.5","90","16",108,320,284,47,14,50,4,".257",".319",".447",".766",".190","32.5","7.8","4.2","35.5"
"66085","553902","Willians Astudillo",29,"MIN","0.5","107","15",72,216,208,17,7,21,"0",".236",".259",".375",".634",".139","5.6","1.4","4.0","10.4"
"69159","542932","Jon Berti",31,"MIA","0.5","84","13",85,271,233,35,4,19,8,".210",".311",".313",".624",".103","22.5","11.8","1.9","21.7"
"50910","501659","Abraham Almonte",32,"ATL","0.5","102","18",64,175,148,20,5,19,1,".216",".331",".399",".730",".182","21.7","14.9","1.5","23.2"
"66263","570481","Erik González",29,"PIT","0.5","80","13",71,229,220,17,2,21,2,".232",".258",".300",".558",".068","17.5","3.5","5.0","25.6"
"102606","641645","Luis Guillorme",26,"NYM","0.5","101","14",69,156,132,13,1,5,"0",".265",".374",".311",".685",".045","14.7","14.7","1.0","14.9"
"108855","666915","Bobby Dalbec",26,"BOS","0.5","92","14",133,453,417,50,25,78,2,".240",".298",".494",".792",".254","34.4","6.2","5.6","38.2"
"57476","519048","Mitch Moreland",35,"OAK","0.4","92","14",81,252,229,28,10,30,"0",".227",".286",".415",".701",".188","23.0","7.1","3.2","30.4"
"102764","642133","Rowdy Tellez",26,,"0.4","96","12",106,325,297,34,11,36,"0",".242",".305",".414",".719",".172","20.0","7.1","2.8","23.3"
"109602","676391","Ernie Clement",25,"CLE","0.4","99","17",40,133,121,16,3,9,"0",".231",".285",".339",".624",".107","14.3","5.3","2.7","16.5"
"68192","596847","Ji-Man Choi",30,"TB","0.4","95","14",83,305,258,36,11,45,"0",".229",".348",".411",".758",".182","28.5","14.8","1.9","31.9"
"67700","594694","Wilmer Difo",29,"PIT","0.4","89","14",116,240,219,25,4,24,1,".269",".329",".384",".713",".114","22.5","8.3","2.7","28.3"
"110358","676694","Jake Meyers",25,"HOU","0.4","85","19",49,163,146,22,6,28,3,".260",".323",".438",".761",".178","30.7","6.1","5.0","29.2"
"67762","594838","Phil Gosselin",32,"LAA","0.4","89","11",104,373,345,40,7,47,4,".261",".314",".362",".676",".101","21.7","6.4","3.4","21.1"
"69508","605113","Nick Ahmed",31,"ARI","0.4","76","10",129,473,434,46,5,38,7,".221",".280",".339",".619",".118","22.0","7.2","3.1","26.8"
"104833","656669","Jordan Luplow",27,,"0.4","105","17",61,193,163,23,11,28,1,".202",".326",".454",".780",".252","29.5","14.5","2.0","31.0"
"103355","643289","Mauricio Dubón",26,"SF","0.4","87","15",74,187,175,20,5,22,2,".240",".278",".377",".655",".137","21.9","4.8","4.6","23.0"
"102436","640461","Chad Pinder",29,"OAK","0.4","86","17",75,233,214,30,6,27,1,".243",".300",".411",".712",".168","26.6","6.9","3.9","28.1"
"102110","620443","Luis Torrens",25,"SEA","0.4","97","14",108,378,346,39,15,47,"0",".243",".299",".431",".730",".188","26.2","7.4","3.5","27.4"
"108051","666198","Carter Kieboom",23,"WSH","0.4","90","14",62,249,217,26,6,20,"0",".207",".301",".318",".619",".111","24.9","10.0","2.5","29.5"
"106875","621011","Max Schrock",26,"CIN","0.3","95","16",53,134,125,19,3,14,1,".288",".328",".448",".776",".160","17.9","6.0","3.0","17.4"
"55773","518586","Charlie Culberson",32,"TEX","0.3","82","13",90,271,247,23,5,22,7,".243",".296",".381",".676",".138","23.6","6.3","3.8","31.2"
"106558","621028","Kevin Newman",27,"PIT","0.3","81","9",148,554,517,50,5,39,6,".226",".265",".309",".574",".083","7.4","4.9","1.5","11.9"
"101631","624513","Dom Nuñez",26,"COL","0.3","78","16",81,263,228,31,10,33,"0",".189",".293",".399",".692",".211","34.6","12.9","2.7","33.0"
"110836","657757","Gavin Sheets",25,"CWS","0.3","111","20",54,179,160,23,11,34,"0",".250",".324",".506",".830",".256","22.3","8.9","2.5","20.2"
"59768","542454","Danny Santana",30,"BOS","0.3","96","16",38,127,116,15,5,14,4,".181",".252",".345",".597",".164","23.6","7.9","3.0","36.6"
"58831","488771","Jason Castro",34,"HOU","0.3","93","20",66,179,149,22,8,21,"0",".235",".356",".443",".799",".208","30.2","14.0","2.2","35.1"
"57967","543305","Aaron Hicks",31,"NYY","0.3","92","18",32,126,108,13,4,14,"0",".194",".294",".333",".627",".139","23.8","11.1","2.1","29.6"
"108587","670097","Zack Short",26,"DET","0.3","76","17",61,184,156,21,6,20,2,".141",".239",".282",".521",".141","32.1","12.0","2.7","27.5"
"70764","571718","Brian Goodwin",30,"CWS","0.3","91","14",72,271,235,33,8,29,1,".221",".319",".374",".693",".153","21.4","12.2","1.8","27.5"
"111033","670764","Taylor Walls",24,"TB","0.3","80","13",54,176,152,15,1,15,4,".211",".314",".296",".610",".086","27.8","13.1","2.1","26.3"
"101093","622682","Victor Reyes",26,"DET","0.3","89","14",76,220,209,26,5,22,5,".258",".284",".416",".701",".158","25.0","3.6","6.9","25.6"
"101165","622761","Jorge Mateo",26,,"0.3","82","13",89,209,194,19,4,14,10,".247",".293",".376",".670",".129","26.3","4.3","6.1","31.1"
"102564","641505","Jonathan Davis",29,,"0.3","88","16",64,103,87,20,1,4,4,".126",".252",".172",".425",".046","25.2","11.7","2.2","26.3"
"68156","596748","Maikel Franco",28,"BAL","0.3","86","12",104,403,377,31,11,47,"0",".210",".253",".355",".608",".146","16.6","5.0","3.4","24.1"
"70317","543510","James McCann",31,"NYM","0.3","78","13",121,412,375,29,10,46,1,".232",".294",".349",".643",".117","27.9","7.8","3.6","27.1"
"49829","467092","Wilson Ramos",33,,"0.3","101","16",44,163,151,15,8,20,"0",".205",".248",".397",".646",".192","22.1","5.5","4.0","26.7"
"106026","664247","Kyle Garlick",29,"MIN","0.3","89","22",36,107,99,17,5,10,1,".232",".280",".465",".745",".232","29.9","5.6","5.3","28.9"
"67728","594777","Kole Calhoun",33,"ARI","0.3","86","16",51,182,166,17,5,17,1,".235",".297",".373",".670",".139","22.5","8.2","2.7","31.9"
"105339","658668","Edward Olivares",25,"KC","0.3","107","18",39,111,101,14,5,12,2,".238",".291",".406",".697",".168","17.1","4.5","3.8","24.3"
"102777","642165","Josh VanMeter",26,"ARI","0.3","75","13",112,310,274,26,6,36,3,".212",".297",".354",".651",".142","26.8","10.6","2.5","26.8"
"66006","545350","Jake Marisnick",30,,"0.3","76","16",99,198,176,21,5,24,4,".216",".286",".375",".661",".159","32.8","5.6","5.9","33.5"
"103785","596056","John Nogowski",28,,"0.3","94","14",52,143,129,14,1,14,"0",".233",".301",".310",".611",".078","15.4","8.4","1.8","13.3"
"109139","671277","Luis García",21,"WSH","0.3","86","13",70,247,236,29,6,22,"0",".242",".275",".411",".686",".169","17.4","4.5","3.9","24.5"
"106466","664901","Danny Mendick",27,"CWS","0.3","83","16",71,186,164,14,2,20,"0",".220",".303",".287",".589",".067","22.6","9.7","2.3","24.9"
"67002","592348","Niko Goodrum",29,"DET","0.3","79","14",90,325,290,39,9,33,14,".214",".292",".359",".651",".145","32.9","8.9","3.7","37.1"
"50609","503556","Marwin Gonzalez",32,,"0.3","75","13",91,307,276,30,5,28,3,".199",".275",".304",".579",".105","25.4","6.5","3.9","24.3"
"66995","592325","Ben Gamel",29,,"0.2","86","11",122,400,340,43,8,26,3,".247",".347",".388",".735",".141","26.3","12.8","2.1","27.3"
"102657","641829","Jason Martin",25,"TEX","0.2","78","17",58,154,144,14,6,17,3,".208",".248",".354",".602",".146","26.6","5.2","5.1","29.6"
"108571","669222","Nick Senzel",26,"CIN","0.2","98","17",36,124,111,18,1,8,2,".252",".323",".315",".638",".063","12.9","9.7","1.3","17.8"
"49076","435559","Kurt Suzuki",37,"LAA","0.2","93","14",72,247,219,17,6,16,"0",".224",".294",".342",".636",".119","17.8","4.9","3.7","21.8"
"106961","664057","Andrew Stevenson",27,"WSH","0.2","77","15",109,213,192,22,5,23,1,".229",".294",".339",".632",".109","28.6","6.1","4.7","28.7"
"100300","608671","Travis Jankowski",30,"PHI","0.2","94","16",76,157,131,24,1,10,5,".252",".364",".351",".715",".099","18.5","14.0","1.3","18.5"
"102646","641796","Tim Locastro",28,,"0.2","87","13",64,156,139,15,2,7,5,".180",".263",".252",".515",".072","21.2","4.5","4.7","22.9"
"70343","547004","Rio Ruiz",27,,"0.2","81","16",62,141,125,11,3,10,2,".168",".243",".272",".515",".104","27.0","8.5","3.2","29.4"
"70408","596129","Daniel Vogelbach",28,"MIL","0.2","105","15",93,258,215,30,9,24,"0",".219",".349",".381",".730",".163","22.1","16.7","1.3","19.4"
"105764","661388","William Contreras",23,"ATL","0.2","93","20",52,185,163,19,8,23,"0",".215",".303",".399",".702",".184","29.2","10.3","2.8","36.4"
"69188","543768","Travis Shaw",31,,"0.2","83","14",84,250,220,20,9,39,"0",".200",".286",".373",".659",".173","27.2","9.6","2.8","25.8"
"102667","641856","Billy McKinney",26,,"0.2","83","12",116,300,265,32,9,27,2,".192",".280",".358",".638",".166","26.3","10.7","2.5","23.6"
"101479","623520","David Bote",28,"CHC","0.2","83","13",97,327,291,32,8,35,"0",".199",".276",".330",".606",".131","22.3","8.3","2.7","25.0"
"58450","474568","Jordy Mercer",34,"WSH","0.2","83","16",46,127,118,13,2,9,"0",".254",".307",".364",".672",".110","26.8","7.1","3.8","23.1"
"59467","547379","Roberto Pérez",32,"CLE","0.2","81","19",44,161,141,13,7,17,1,".149",".245",".319",".564",".170","34.8","10.6","3.3","35.6"
"107130","663897","Luke Williams",24,"PHI","0.2","92","18",58,108,98,8,1,6,2,".245",".315",".316",".631",".071","21.3","9.3","2.3","19.8"
"56609","502210","Josh Reddick",34,"ARI","0.2","79","15",54,158,151,15,2,21,"0",".258",".285",".371",".656",".113","19.6","3.8","5.2","21.0"
"68062","595751","Jorge Alfaro",28,"MIA","0.2","62","14",92,311,295,22,4,30,8,".244",".283",".342",".625",".098","31.8","3.5","9.0","33.1"
"108508","670351","Jose Rojas",28,"LAA","0.2","82","17",61,184,168,26,6,15,2,".208",".277",".399",".676",".190","27.2","8.2","3.3","27.0"
"108036","622100","Taylor Jones",27,"HOU","0.2","78","18",35,108,102,11,2,16,"0",".245",".269",".402",".670",".157","26.9","3.7","7.3","31.2"
"99963","571875","Jake Lamb",30,,"0.2","88","17",55,170,144,25,7,19,"0",".194",".306",".368",".674",".174","30.0","12.9","2.3","26.9"
"107538","670712","Mike Brosseau",27,"TB","0.2","81","17",57,169,150,21,5,18,2,".187",".266",".347",".613",".160","31.4","8.9","3.5","29.2"
"99919","572228","Luke Voit",30,"NYY","0.1","94","19",68,241,213,26,11,35,"0",".239",".328",".437",".764",".197","30.7","8.7","3.5","40.5"
"108055","666135","Alex Kirilloff",23,"MIN","0.1","90","15",59,231,215,23,8,34,1,".251",".299",".423",".722",".172","22.5","6.1","3.7","26.9"
"100344","609275","Adalberto Mondesi",25,"KC","0.1","79","20",35,136,126,19,6,17,15,".230",".271",".452",".723",".222","31.6","4.4","7.2","35.8"
"70950","605548","Bradley Zimmer",28,"CLE","0.1","70","14",99,348,299,44,8,35,15,".227",".325",".344",".669",".117","35.1","8.6","4.1","36.6"
"110715","667670","Brent Rooker",26,"MIN","0.1","85","19",58,213,189,25,9,16,"0",".201",".291",".397",".688",".196","32.9","7.0","4.7","33.4"
"105670","663662","Daz Cameron",24,"DET","0.1","84","21",35,115,103,16,4,13,6,".194",".278",".359",".638",".165","33.0","8.7","3.8","30.8"
"69634","606157","Aristides Aquino",27,"CIN","0.1","77","18",84,204,174,25,10,23,2,".190",".299",".408",".707",".218","36.8","13.2","2.8","39.5"
"59265","501981","Khris Davis",33,,"0.1","90","16",42,114,102,11,3,10,"0",".206",".272",".363",".635",".157","27.2","8.8","3.1","36.0"
"69095","605612","Harold Castro",27,"DET","0.1","83","12",106,339,315,35,3,37,1,".283",".310",".359",".669",".076","21.2","4.1","5.1","26.0"
"102514","641343","Jake Bauers",25,,"0.1","77","12",115,315,282,27,4,19,6,".209",".290",".277",".566",".067","24.8","9.5","2.6","26.9"
"104205","650489","Willi Castro",24,"DET","0.1","76","11",125,450,413,56,9,38,9,".220",".273",".351",".624",".131","24.2","5.1","4.7","29.4"
"110280","665155","Nick Maton",24,"PHI","0.1","74","18",52,131,117,16,2,14,2,".256",".323",".385",".708",".128","29.8","7.6","3.9","31.3"
"107024","664789","Ka'ai Tom",27,,"0.1","83","17",48,133,108,10,2,12,1,".139",".278",".231",".510",".093","27.1","12.8","2.1","32.9"
"57552","519299","Eric Sogard",35,"CHC","0.1","82","14",78,180,169,16,1,12,3,".249",".283",".314",".597",".065","16.7","5.0","3.3","12.5"
"102745","642086","Dominic Smith",26,"NYM","0.1","81","11",145,493,446,43,11,58,2,".244",".304",".363",".668",".119","22.7","6.5","3.5","27.7"
"69255","592530","José Marmolejos",28,"SEA","0.1","80","19",41,122,106,11,4,12,"0",".160",".262",".311",".574",".151","32.0","12.3","2.6","31.8"
"100059","572039","Stephen Piscotty",30,"OAK","0.1","85","16",72,188,173,14,5,16,1,".220",".282",".353",".634",".133","25.5","6.9","3.7","27.7"
"103985","644374","Yu Chang",25,"CLE","0.1","81","15",89,251,237,32,9,39,1,".228",".267",".426",".693",".198","27.5","4.4","6.3","27.0"
"69944","607345","Kevan Smith",33,,"0.1","74","15",33,106,95,8,"0",3,"0",".168",".248",".200",".448",".032","29.2","9.4","3.1","27.5"
"109294","656180","Riley Adams",25,,"0.1","85","19",47,120,99,13,2,10,"0",".222",".358",".384",".742",".162","33.3","12.5","2.7","29.7"
"102519","641355","Cody Bellinger",25,"LAD","0.1","68","13",95,350,315,39,10,36,3,".165",".240",".302",".542",".137","26.9","8.9","3.0","29.7"
"106618","660829","Hoy Park",25,,"0.1","81","15",45,150,128,16,3,14,1,".195",".297",".336",".633",".141","25.3","12.0","2.1","25.5"
"50297","502481","Jarrod Dyson",36,,"0.1","76","12",102,149,135,17,"0",10,10,".207",".260",".289",".549",".081","22.1","6.7","3.3","24.8"
"103523","643565","Mike Tauchman",30,,"0.1","75","15",75,191,166,22,4,15,3,".181",".284",".283",".567",".102","30.4","12.0","2.5","34.5"
"102040","592567","Colin Moran",28,"PIT","0.1","91","14",99,359,318,29,10,50,1,".258",".334",".390",".724",".132","24.2","10.0","2.4","27.0"
"33829","455139","Robinson Chirinos",37,"CHC","0.1","85","21",45,112,97,13,5,15,"0",".227",".324",".454",".778",".227","32.1","8.0","4.0","32.9"
"57478","519058","Mike Moustakas",32,"CIN","0.1","84","15",62,206,183,21,6,22,"0",".208",".282",".372",".653",".164","22.3","8.7","2.6","27.6"
"104745","656308","Michael Chavis",25,,"0.1","70","16",43,124,121,16,3,11,1,".248",".258",".397",".655",".149","33.9","0.8","42.0","38.5"
"108682","666211","Taylor Trammell",23,"SEA","0.1","63","21",51,178,156,23,8,18,2,".160",".256",".359",".615",".199","42.1","9.6","4.4","43.4"
"100317","608701","Rob Refsnyder",30,"MIN","0","90","16",51,157,139,21,2,12,1,".245",".325",".338",".663",".094","25.5","10.8","2.4","27.0"
"107161","664874","Seby Zavala",27,"CWS","0","68","22",37,104,93,15,5,15,"0",".183",".240",".376",".616",".194","39.4","5.8","6.8","42.1"
"50845","501571","Juan Lagares",32,"LAA","0","74","13",112,327,309,39,6,38,1,".236",".266",".372",".638",".136","23.2","3.7","6.3","24.7"
"103745","656252","Bobby Bradley",25,"CLE","0","84","17",74,279,245,36,16,41,"0",".208",".294",".445",".739",".237","35.5","9.0","4.0","40.3"
"102574","641531","Hunter Dozier",29,"KC","0","83","13",144,543,487,55,16,54,5,".216",".285",".394",".680",".179","28.4","7.9","3.6","32.3"
"108764","642201","Eli White",27,"TEX","0","75","15",64,220,198,26,6,15,4,".177",".259",".308",".567",".131","30.0","8.2","3.7","30.4"
"133509","663728","Cal Raleigh",24,"SEA","0","55","16",47,148,139,6,2,13,"0",".180",".223",".309",".532",".129","35.1","4.7","7.4","33.1"
"102775","642162","Pat Valaika",28,"BAL","0","73","15",90,281,259,17,5,25,1,".201",".250",".290",".540",".089","27.0","5.7","4.8","27.4"
"139165","660294","Yoshi Tsutsugo",29,,"0","90","12",81,262,230,27,8,32,"0",".217",".307",".383",".689",".165","27.5","11.1","2.5","27.1"
"108507","668670","Jake Rogers",26,"DET","0","83","23",38,127,113,17,6,17,1,".239",".306",".496",".802",".257","36.2","8.7","4.2","37.9"
"100279","608577","Nomar Mazara",26,"DET","0","80","16",50,181,165,12,3,19,"0",".212",".276",".321",".598",".109","24.9","8.3","3.0","27.2"
"67746","594809","Adam Eaton",32,,"-0.1","80","13",83,288,254,38,6,30,3,".201",".282",".327",".608",".126","24.7","7.6","3.2","23.7"
"104766","656371","Isan Díaz",25,"MIA","-0.1","73","13",89,278,238,25,4,17,1,".193",".293",".282",".575",".088","26.3","12.2","2.1","31.9"
"101622","624503","Nick Gordon",25,"MIN","-0.1","77","14",73,216,200,19,4,23,10,".240",".292",".355",".647",".115","25.5","5.6","4.6","28.4"
"108977","656716","Zach McKinstry",26,"LAD","-0.1","77","18",60,172,158,19,7,29,1,".215",".263",".405",".668",".190","29.1","5.8","5.0","26.2"
"111605","673451","Shogo Akiyama",33,"CIN","-0.1","72","13",88,183,162,16,"0",12,2,".204",".282",".253",".535",".049","21.9","7.7","2.9","22.7"
"103215","642721","Kelvin Gutierrez",26,,"-0.1","81","12",85,295,272,23,3,20,"0",".232",".292",".316",".608",".085","25.8","6.4","4.0","31.2"
"102787","642211","Justin Williams",25,"STL","-0.1","78","19",51,137,119,10,4,11,"0",".160",".270",".261",".531",".101","33.6","12.4","2.7","37.1"
"49890","467827","Gerardo Parra",34,"WSH","-0.1","75","17",53,107,97,13,2,10,1,".237",".292",".351",".643",".113","28.0","5.6","5.0","26.5"
"113905","664761","Alec Bohm",24,"PHI","-0.1","79","11",115,417,380,46,7,47,4,".247",".305",".342",".647",".095","26.6","7.4","3.6","26.5"
"70390","595909","Jake Cave",28,"MIN","-0.1","57","16",76,178,164,14,3,13,1,".189",".249",".293",".541",".104","34.8","5.6","6.2","32.5"
"108059","668800","Andrew Knizner",26,"STL","-0.1","83","14",63,185,161,18,1,9,"0",".174",".281",".236",".517",".062","21.1","10.8","1.9","24.0"
"58899","488671","Alex Avila",34,"WSH","-0.1","74","20",34,111,89,5,1,9,"0",".191",".345",".348",".694",".157","33.3","17.1","1.9","39.9"
"111057","657108","Evan White",25,"SEA","-0.1","75","18",30,104,97,8,2,9,"0",".144",".202",".237",".439",".093","29.8","5.8","5.2","29.9"
"70799","605204","J.D. Davis",28,"NYM","-0.1","83","17",73,211,179,18,5,23,1,".285",".384",".436",".820",".151","32.2","11.4","2.8","41.0"
"102779","642180","Tyler Wade",26,"NYY","-0.1","81","14",103,145,127,31,"0",5,17,".268",".354",".323",".677",".055","25.5","11.0","2.3","26.9"
"108795","670370","Andrew Young",27,"ARI","-0.1","78","25",58,104,91,13,6,15,"0",".209",".298",".484",".782",".275","43.3","5.8","7.5","44.5"
"103432","643418","Shed Long Jr.",25,"SEA","-0.2","74","20",34,121,111,13,4,17,1,".198",".258",".360",".619",".162","32.2","7.4","4.3","29.4"
"66245","570256","Gregory Polanco",29,"PIT","-0.2","77","12",107,382,336,38,11,36,14,".208",".283",".354",".637",".146","27.2","9.4","2.9","30.6"
"106386","621006","Richie Martin",26,"BAL","-0.2","77","18",37,105,98,9,1,8,"0",".235",".269",".286",".555",".051","26.7","3.8","7.0","28.2"
"69314","600474","Pedro Severino",27,"BAL","-0.2","88","12",113,419,379,32,11,46,"0",".248",".308",".383",".690",".135","26.0","8.1","3.2","29.5"
"126235","663616","Trevor Larnach",24,"MIN","-0.2","71","15",79,301,260,29,7,28,1,".223",".322",".350",".672",".127","34.6","10.3","3.4","39.0"
"104934","657061","Cole Tucker",24,"PIT","-0.2","81","16",43,131,117,15,2,12,2,".222",".298",".342",".640",".120","25.2","9.9","2.5","26.3"
"106439","663630","Ryan McKenna",24,"BAL","-0.2","66","16",90,197,169,20,2,14,1,".183",".292",".266",".559",".083","37.6","12.2","3.1","34.8"
"55951","506702","Sandy León",32,"MIA","-0.2","62","13",83,220,202,15,4,14,"0",".183",".237",".267",".505",".084","29.5","5.5","5.4","27.1"
"129503","680911","Owen Miller",24,"CLE","-0.3","73","16",60,202,191,17,4,18,2,".204",".243",".309",".552",".105","26.7","4.5","6.0","26.1"
"104869","656811","Ryan O'Hearn",27,"KC","-0.3","80","17",84,254,236,23,9,29,"0",".225",".268",".369",".636",".144","28.0","5.1","5.5","29.3"
"59654","571740","Billy Hamilton",30,"CWS","-0.3","58","16",71,135,127,23,2,11,9,".220",".242",".378",".620",".157","34.8","3.0","11.8","31.5"
"60187","572761","Matt Carpenter",35,"STL","-0.3","70","14",130,249,207,18,3,21,2,".169",".305",".275",".581",".106","30.9","14.1","2.2","29.7"
"68600","592444","JaCoby Jones",29,"DET","-0.3","58","21",36,105,100,9,2,9,2,".170",".210",".250",".460",".080","40.0","4.8","8.4","37.0"
"102429","640449","Clint Frazier",26,"NYY","-0.3","86","15",66,218,183,20,5,15,2,".186",".317",".317",".634",".131","29.8","14.7","2.0","30.1"
"68908","595284","Andrew Knapp",29,"PHI","-0.4","48","14",62,159,145,13,2,11,"0",".152",".215",".214",".429",".062","38.4","6.3","6.1","37.8"
"103280","642851","Austin Wynns",30,"BAL","-0.4","87","16",45,139,130,14,4,14,1,".185",".232",".308",".540",".123","22.3","5.8","3.9","21.0"
"119003","680776","Jarren Duran",24,"BOS","-0.4","55","19",33,112,107,17,2,10,2,".215",".241",".336",".578",".121","35.7","3.6","10.0","34.7"
"70477","605421","Michael Perez",28,"PIT","-0.4","68","16",70,231,210,19,7,21,"0",".143",".221",".290",".511",".148","29.4","8.2","3.6","27.3"
"68178","596825","Robel García",28,"HOU","-0.4","58","18",46,117,106,8,1,8,"0",".151",".216",".208",".423",".057","35.9","6.8","5.3","42.3"
"109122","669016","Brandon Marsh",23,"LAA","-0.4","58","15",70,260,236,27,2,19,6,".254",".317",".356",".672",".102","35.0","7.7","4.5","33.2"
"100404","614173","Franchy Cordero",26,"BOS","-0.4","52","16",48,136,127,12,1,9,1,".189",".237",".260",".497",".071","37.5","5.9","6.4","41.9"
"100152","546990","Anthony Alford",26,"PIT","-0.4","67","22",49,148,133,14,5,11,5,".233",".311",".406",".717",".173","39.2","8.1","4.8","38.6"
"100595","621311","David Dahl",27,"TEX","-0.5","65","14",63,220,205,19,4,18,2,".210",".247",".322",".568",".112","26.8","4.5","5.9","26.7"
"104814","656577","Alex Jackson",25,,"-0.6","46","16",52,151,131,13,3,12,"0",".137",".252",".237",".488",".099","48.3","8.6","5.6","51.0"
"68302","598265","Jackie Bradley Jr.",31,"MIL","-0.8","52","12",134,428,387,39,6,29,7,".163",".236",".261",".497",".098","30.8","6.5","4.7","34.4"
"110030","669374","Keston Hiura",24,"MIL","-0.9","53","16",61,197,173,16,4,19,3,".168",".256",".301",".557",".133","39.1","7.1","5.5","47.0"
"107646","641470","Zack Collins",26,"CWS","-1.0","77","14",78,231,195,25,4,26,1,".210",".330",".338",".669",".128","29.9","14.7","2.0","28.7"